{
  "accuracy": 0.9307469180565627,
  "macro_f1": 0.3846148361343159,
  "per_class_f1": {
    "bus": 0.0,
    "car": 0.9244906112664802,
    "motorcycle": 0.0,
    "truck": 0.0,
    "none": 0.9985835694050992
  },
  "confusion_matrix": [
    [
      0,
      0,
      0,
      0,
      0
    ],
    [
      0,
      1157,
      0,
      0,
      0
    ],
    [
      0,
      0,
      0,
      0,
      0
    ],
    [
      0,
      187,
      0,
      0,
      2
    ],
    [
      0,
      2,
      0,
      0,
      1410
    ]
  ],
  "confusion_labels": [
    "bus",
    "car",
    "motorcycle",
    "truck",
    "none"
  ],
  "n_samples": 2758
}