{
  "labels": [
    "L2R",
    "R2L"
  ],
  "mono_source": "left",
  "n_samples": 1346,
  "time_reverse": {
    "flip_consistency": 0.3655274888558692,
    "n_checked": 1346,
    "n_correct_flips": 492,
    "flip_agreement": 0.1901931649331352,
    "n_flipped": 256
  },
  "channel_swap": {
    "flip_consistency": 0.34546805349182763,
    "n_checked": 1346,
    "n_correct_flips": 465,
    "flip_agreement": 0.16419019316493313,
    "n_flipped": 221
  }
}