{
  "accuracy": 0.8161711385061639,
  "macro_f1": 0.7328010186395945,
  "per_class_f1": {
    "L2R": 0.5,
    "R2L": 0.6994665085951393,
    "no_vehicle": 0.9989365473236441
  },
  "confusion_matrix": [
    [
      252,
      380,
      0
    ],
    [
      124,
      590,
      0
    ],
    [
      0,
      3,
      1409
    ]
  ],
  "confusion_labels": [
    "L2R",
    "R2L",
    "no_vehicle"
  ],
  "n_samples": 2758,
  "channel_swap": {
    "flip_consistency": 0.0,
    "n_checked": 1346,
    "n_correct_flips": 0
  }
}