{
  "labels": [
    "L2R",
    "R2L"
  ],
  "mono_source": "left",
  "n_samples": 1346,
  "time_reverse": {
    "flip_consistency": 0.575780089153046,
    "n_checked": 1346,
    "n_correct_flips": 775,
    "flip_agreement": 0.7726597325408618,
    "n_flipped": 1040
  },
  "channel_swap": {
    "flip_consistency": 0.36775631500742945,
    "n_checked": 1346,
    "n_correct_flips": 495,
    "flip_agreement": 0.13818722139673106,
    "n_flipped": 186
  }
}