{
  "labels": [
    "L2R",
    "R2L"
  ],
  "mono_source": "right",
  "n_samples": 1346,
  "time_reverse": {
    "flip_consistency": 0.6567607726597325,
    "n_checked": 1346,
    "n_correct_flips": 884,
    "flip_agreement": 0.8841010401188707,
    "n_flipped": 1190
  },
  "channel_swap": {
    "flip_consistency": 0.3789004457652303,
    "n_checked": 1346,
    "n_correct_flips": 510,
    "flip_agreement": 0.17682020802377416,
    "n_flipped": 238
  }
}