{
  "accuracy": 0.9951807228915662,
  "macro_f1": 0.6638678252250828,
  "per_class_f1": {
    "L2R": 0.9955456570155902,
    "R2L": 0.9960578186596584,
    "no_vehicle": 0.0
  },
  "confusion_matrix": [
    [
      447,
      0,
      1
    ],
    [
      3,
      379,
      0
    ],
    [
      0,
      0,
      0
    ]
  ],
  "confusion_labels": [
    "L2R",
    "R2L",
    "no_vehicle"
  ],
  "n_samples": 830,
  "channel_swap": {
    "flip_consistency": 0.9987937273823885,
    "n_checked": 829,
    "n_correct_flips": 828
  }
}