{
  "accuracy": 0.9613670133729569,
  "balanced_accuracy": 0.9621316881182853,
  "macro_f1": 0.9612848697252903,
  "per_class_f1": {
    "L2R": 0.9595015576323987,
    "R2L": 0.9630681818181818
  },
  "per_class_precision": {
    "L2R": 0.9447852760736196,
    "R2L": 0.9769452449567724
  },
  "per_class_recall": {
    "L2R": 0.9746835443037974,
    "R2L": 0.9495798319327731
  },
  "confusion_matrix": [
    [
      616,
      16
    ],
    [
      36,
      678
    ]
  ],
  "confusion_labels": [
    "L2R",
    "R2L"
  ],
  "n_samples": 1346,
  "flip_agreement": 0.2964338781575037,
  "flip_consistency": 0.3261515601783061
}