{
  "accuracy": 0.7013372956909361,
  "balanced_accuracy": 0.7075842995426018,
  "macro_f1": 0.7002785107981095,
  "per_class_f1": {
    "L2R": 0.7180925666199158,
    "R2L": 0.6824644549763034
  },
  "per_class_precision": {
    "L2R": 0.6448362720403022,
    "R2L": 0.782608695652174
  },
  "per_class_recall": {
    "L2R": 0.810126582278481,
    "R2L": 0.6050420168067226
  },
  "confusion_matrix": [
    [
      512,
      120
    ],
    [
      282,
      432
    ]
  ],
  "confusion_labels": [
    "L2R",
    "R2L"
  ],
  "n_samples": 1346,
  "naive_baselines": {
    "always_majority": {
      "majority_class": "R2L",
      "accuracy": 0.5304606240713224,
      "balanced_accuracy": 0.5304606240713224
    }
  }
}