{
  "labels": [
    "L2R",
    "R2L"
  ],
  "mono_source": "left",
  "n_samples": 1346,
  "time_reverse": {
    "flip_consistency": 0.3135215453194651,
    "n_checked": 1346,
    "n_correct_flips": 422,
    "flip_agreement": 0.23328380386329867,
    "n_flipped": 314
  },
  "channel_swap": {
    "flip_consistency": 0.33209509658246655,
    "n_checked": 1346,
    "n_correct_flips": 447,
    "flip_agreement": 0.12555720653789004,
    "n_flipped": 169
  }
}