{
  "accuracy": 0.6835066864784547,
  "balanced_accuracy": 0.692322182037372,
  "macro_f1": 0.6801444993841596,
  "per_class_f1": {
    "L2R": 0.7129380053908356,
    "R2L": 0.6473509933774835
  },
  "per_class_precision": {
    "L2R": 0.6208920187793427,
    "R2L": 0.791497975708502
  },
  "per_class_recall": {
    "L2R": 0.8370253164556962,
    "R2L": 0.5476190476190477
  },
  "confusion_matrix": [
    [
      529,
      103
    ],
    [
      323,
      391
    ]
  ],
  "confusion_labels": [
    "L2R",
    "R2L"
  ],
  "n_samples": 1346,
  "naive_baselines": {
    "always_majority": {
      "majority_class": "R2L",
      "accuracy": 0.5304606240713224,
      "balanced_accuracy": 0.5304606240713224
    }
  },
  "interventions": {
    "labels": [
      "L2R",
      "R2L"
    ],
    "mono_source": "left",
    "n_samples": 1346,
    "time_reverse": {
      "flip_consistency": 0.3098068350668648,
      "n_checked": 1346,
      "n_correct_flips": 417,
      "flip_agreement": 0.1612184249628529,
      "n_flipped": 217
    },
    "channel_swap": {
      "flip_consistency": 0.3424962852897474,
      "n_checked": 1346,
      "n_correct_flips": 461,
      "flip_agreement": 0.13595839524517087,
      "n_flipped": 183
    }
  }
}