{
  "labels": [
    "L2R",
    "R2L"
  ],
  "mono_source": "left",
  "n_samples": 1346,
  "time_reverse": {
    "flip_consistency": 0.3098068350668648,
    "n_checked": 1346,
    "n_correct_flips": 417,
    "flip_agreement": 0.1612184249628529,
    "n_flipped": 217
  },
  "channel_swap": {
    "flip_consistency": 0.3424962852897474,
    "n_checked": 1346,
    "n_correct_flips": 461,
    "flip_agreement": 0.13595839524517087,
    "n_flipped": 183
  }
}