{
  "accuracy": 0.9742449075158043,
  "macro_f1": 0.9732908829837984,
  "per_class_f1": {
    "L2R": 0.9802025782688766,
    "R2L": 0.9607135272881716,
    "no_vehicle": 0.9789565433943469
  },
  "confusion_matrix": [
    [
      2129,
      37,
      15
    ],
    [
      14,
      2262,
      14
    ],
    [
      20,
      120,
      3931
    ]
  ],
  "confusion_labels": [
    "L2R",
    "R2L",
    "no_vehicle"
  ],
  "n_samples": 8542
}