{
  "n_samples": 2744,
  "mono_only": true,
  "test": "time_reverse_same_channel",
  "features": {
    "env_energy_half_asymmetry": {
      "corr_fwd_rev": -0.9992123773116734,
      "sign_flip_rate": 0.9354956268221575,
      "cohens_d_fwd": 0.23182853817407195,
      "cohens_d_rev": -0.2713687901285688,
      "separation_sign_flips": true,
      "abs_cohens_d_fwd": 0.23182853817407195,
      "abs_cohens_d_rev": 0.2713687901285688
    },
    "env_3db_log_asymmetry": {
      "corr_fwd_rev": -0.17049806452693536,
      "sign_flip_rate": 0.870464299648849,
      "cohens_d_fwd": -0.0433435411912433,
      "cohens_d_rev": 0.06976593440859746,
      "separation_sign_flips": true,
      "abs_cohens_d_fwd": 0.0433435411912433,
      "abs_cohens_d_rev": 0.06976593440859746
    },
    "env_3db_rise_minus_fall_s": {
      "corr_fwd_rev": -0.9366950656710173,
      "sign_flip_rate": 0.8782798833819242,
      "cohens_d_fwd": 0.10009688893403268,
      "cohens_d_rev": -0.10950094966206533,
      "separation_sign_flips": true,
      "abs_cohens_d_fwd": 0.10009688893403268,
      "abs_cohens_d_rev": 0.10950094966206533
    },
    "env_10db_log_asymmetry": {
      "corr_fwd_rev": -0.1056588494091259,
      "sign_flip_rate": 0.30131482834185536,
      "cohens_d_fwd": -0.09818183562226719,
      "cohens_d_rev": 0.15164685084422797,
      "separation_sign_flips": true,
      "abs_cohens_d_fwd": 0.09818183562226719,
      "abs_cohens_d_rev": 0.15164685084422797
    },
    "env_10db_rise_minus_fall_s": {
      "corr_fwd_rev": -0.9078065012338596,
      "sign_flip_rate": 0.30284256559766765,
      "cohens_d_fwd": 0.38852905268676885,
      "cohens_d_rev": -0.4028912990563135,
      "separation_sign_flips": true,
      "abs_cohens_d_fwd": 0.38852905268676885,
      "abs_cohens_d_rev": 0.4028912990563135
    },
    "stft_doppler_slope_diff_hz_s": {
      "corr_fwd_rev": 0.9463719084970647,
      "sign_flip_rate": 0.13228862973760933,
      "cohens_d_fwd": 0.3645754156623726,
      "cohens_d_rev": 0.3588693180039563,
      "separation_sign_flips": false,
      "abs_cohens_d_fwd": 0.3645754156623726,
      "abs_cohens_d_rev": 0.3588693180039563
    },
    "stft_doppler_log_signed_slope_ratio": {
      "corr_fwd_rev": -0.04943559814463376,
      "sign_flip_rate": 0.5342565597667639,
      "cohens_d_fwd": -0.04518815481024031,
      "cohens_d_rev": -0.1633115981879549,
      "separation_sign_flips": false,
      "abs_cohens_d_fwd": 0.04518815481024031,
      "abs_cohens_d_rev": 0.1633115981879549
    },
    "centroid_time_asymmetry_s": {
      "corr_fwd_rev": -0.9992624592217861,
      "sign_flip_rate": 0.9894314868804664,
      "cohens_d_fwd": -0.22847569719517413,
      "cohens_d_rev": 0.23027932511656773,
      "separation_sign_flips": true,
      "abs_cohens_d_fwd": 0.22847569719517413,
      "abs_cohens_d_rev": 0.23027932511656773
    }
  },
  "ranked_by_anticorrelation": [
    "centroid_time_asymmetry_s",
    "env_energy_half_asymmetry",
    "env_3db_rise_minus_fall_s",
    "env_10db_rise_minus_fall_s",
    "env_3db_log_asymmetry",
    "env_10db_log_asymmetry",
    "stft_doppler_log_signed_slope_ratio",
    "stft_doppler_slope_diff_hz_s"
  ],
  "separation_flips_with_effect": [
    "env_energy_half_asymmetry",
    "env_3db_rise_minus_fall_s",
    "env_10db_rise_minus_fall_s",
    "centroid_time_asymmetry_s"
  ],
  "mono_source": "left"
}