{
  "accuracy": 0.9742449075158043,
  "balanced_accuracy": 0.976513688903152,
  "macro_f1": 0.9732908829837984,
  "per_class_f1": {
    "L2R": 0.9802025782688766,
    "R2L": 0.9607135272881716,
    "no_vehicle": 0.9789565433943469
  },
  "per_class_precision": {
    "L2R": 0.9842810910772076,
    "R2L": 0.9350971475816453,
    "no_vehicle": 0.9926767676767677
  },
  "per_class_recall": {
    "L2R": 0.9761577258138469,
    "R2L": 0.9877729257641922,
    "no_vehicle": 0.9656104151314173
  },
  "confusion_matrix": [
    [
      2129,
      37,
      15
    ],
    [
      14,
      2262,
      14
    ],
    [
      20,
      120,
      3931
    ]
  ],
  "confusion_labels": [
    "L2R",
    "R2L",
    "no_vehicle"
  ],
  "n_samples": 8542
}