{
  "accuracy": 0.9101040118870728,
  "balanced_accuracy": 0.9044538701556573,
  "macro_f1": 0.9080951292664415,
  "per_class_f1": {
    "L2R": 0.8945074106364429,
    "R2L": 0.9216828478964402
  },
  "per_class_precision": {
    "L2R": 0.996116504854369,
    "R2L": 0.8567990373044525
  },
  "per_class_recall": {
    "L2R": 0.8117088607594937,
    "R2L": 0.9971988795518207
  },
  "confusion_matrix": [
    [
      513,
      119
    ],
    [
      2,
      712
    ]
  ],
  "confusion_labels": [
    "L2R",
    "R2L"
  ],
  "n_samples": 1346,
  "flip_agreement": 0.46805349182763745,
  "flip_consistency": 0.5386329866270431
}