{
  "accuracy": 0.9967367657722987,
  "macro_f1": 0.996482969619338,
  "per_class_f1": {
    "L2R": 0.9968304278922345,
    "R2L": 0.9950946040644709,
    "no_vehicle": 0.9975238769013088
  },
  "confusion_matrix": [
    [
      629,
      1,
      2
    ],
    [
      1,
      710,
      3
    ],
    [
      0,
      2,
      1410
    ]
  ],
  "confusion_labels": [
    "L2R",
    "R2L",
    "no_vehicle"
  ],
  "n_samples": 2758,
  "channel_swap": {
    "flip_consistency": 0.9992542878448919,
    "n_checked": 1341,
    "n_correct_flips": 1340
  }
}