{
  "accuracy": 0.9075416968817984,
  "macro_f1": 0.8745537495246296,
  "per_class_f1": {
    "L2R": 0.8145941921072226,
    "R2L": 0.8118959107806691,
    "no_vehicle": 0.9971711456859972
  },
  "confusion_matrix": [
    [
      547,
      84,
      1
    ],
    [
      163,
      546,
      5
    ],
    [
      1,
      1,
      1410
    ]
  ],
  "confusion_labels": [
    "L2R",
    "R2L",
    "no_vehicle"
  ],
  "n_samples": 2758
}