{
  "accuracy": 0.8872371283538796,
  "balanced_accuracy": 0.8412548288700258,
  "macro_f1": 0.8412291858702972,
  "per_class_f1": {
    "L2R": 0.7184643510054844,
    "R2L": 0.8069956277326671,
    "no_vehicle": 0.9982275788727402
  },
  "per_class_precision": {
    "L2R": 0.8506493506493507,
    "R2L": 0.7282976324689966,
    "no_vehicle": 0.9992902767920511
  },
  "per_class_recall": {
    "L2R": 0.6218354430379747,
    "R2L": 0.9047619047619048,
    "no_vehicle": 0.9971671388101983
  },
  "confusion_matrix": [
    [
      393,
      238,
      1
    ],
    [
      68,
      646,
      0
    ],
    [
      1,
      3,
      1408
    ]
  ],
  "confusion_labels": [
    "L2R",
    "R2L",
    "no_vehicle"
  ],
  "n_samples": 2758,
  "vehicle_only": {
    "n_vehicle_clips": 1346,
    "vehicle_balanced_accuracy": 0.7632986738999397,
    "vehicle_macro_f1": 0.7638161608689727,
    "vehicle_per_class_recall": {
      "L2R": 0.6218354430379747,
      "R2L": 0.9047619047619048
    },
    "vehicle_per_class_precision": {
      "L2R": 0.8524945770065075,
      "R2L": 0.7307692307692307
    }
  },
  "channel_swap": {
    "flip_consistency": 0.08327137546468401,
    "n_checked": 1345,
    "n_correct_flips": 112
  }
}