{
  "accuracy": 0.6768202080237742,
  "balanced_accuracy": 0.6786600716235862,
  "macro_f1": 0.6767800668068459,
  "per_class_f1": {
    "L2R": 0.6731780616078137,
    "R2L": 0.6803820720058781
  },
  "per_class_precision": {
    "L2R": 0.6409155937052933,
    "R2L": 0.7156105100463679
  },
  "per_class_recall": {
    "L2R": 0.7088607594936709,
    "R2L": 0.6484593837535014
  },
  "confusion_matrix": [
    [
      448,
      184
    ],
    [
      251,
      463
    ]
  ],
  "confusion_labels": [
    "L2R",
    "R2L"
  ],
  "n_samples": 1346,
  "naive_baselines": {
    "always_majority": {
      "majority_class": "R2L",
      "accuracy": 0.5304606240713224,
      "balanced_accuracy": 0.5304606240713224
    }
  },
  "interventions": {
    "labels": [
      "L2R",
      "R2L"
    ],
    "mono_source": "left",
    "n_samples": 1346,
    "time_reverse": {
      "flip_consistency": 0.5208023774145617,
      "n_checked": 1346,
      "n_correct_flips": 701,
      "flip_agreement": 0.5854383358098069,
      "n_flipped": 788
    },
    "channel_swap": {
      "flip_consistency": 0.37964338781575035,
      "n_checked": 1346,
      "n_correct_flips": 511,
      "flip_agreement": 0.1649331352154532,
      "n_flipped": 222
    }
  }
}