{
  "accuracy": 0.8135215453194651,
  "balanced_accuracy": 0.8135083147182924,
  "macro_f1": 0.8130583485085161,
  "per_class_f1": {
    "L2R": 0.8037529319781079,
    "R2L": 0.8223637650389243
  },
  "per_class_precision": {
    "L2R": 0.794435857805255,
    "R2L": 0.8311874105865522
  },
  "per_class_recall": {
    "L2R": 0.8132911392405063,
    "R2L": 0.8137254901960784
  },
  "confusion_matrix": [
    [
      514,
      118
    ],
    [
      133,
      581
    ]
  ],
  "confusion_labels": [
    "L2R",
    "R2L"
  ],
  "n_samples": 1346,
  "flip_agreement": 0.14338781575037146,
  "flip_consistency": 0.2555720653789004
}