{
  "accuracy": 0.7327773749093546,
  "balanced_accuracy": 0.6983674100997902,
  "macro_f1": 0.6674739604255354,
  "per_class_f1": {
    "L2R": 0.6750599520383693,
    "R2L": 0.4075595727198028,
    "no_vehicle": 0.919802356518434
  },
  "per_class_precision": {
    "L2R": 0.5434362934362934,
    "R2L": 0.49304174950298213,
    "no_vehicle": 0.992616899097621
  },
  "per_class_recall": {
    "L2R": 0.8908227848101266,
    "R2L": 0.3473389355742297,
    "no_vehicle": 0.8569405099150141
  },
  "confusion_matrix": [
    [
      563,
      65,
      4
    ],
    [
      461,
      248,
      5
    ],
    [
      12,
      190,
      1210
    ]
  ],
  "confusion_labels": [
    "L2R",
    "R2L",
    "no_vehicle"
  ],
  "n_samples": 2758,
  "vehicle_only": {
    "n_vehicle_clips": 1346,
    "vehicle_balanced_accuracy": 0.6190808601921781,
    "vehicle_macro_f1": 0.5814558843590214,
    "vehicle_per_class_recall": {
      "L2R": 0.8908227848101266,
      "R2L": 0.3473389355742297
    },
    "vehicle_per_class_precision": {
      "L2R": 0.5498046875,
      "R2L": 0.792332268370607
    }
  },
  "channel_swap": {
    "flip_consistency": 0.06596701649175413,
    "n_checked": 1334,
    "n_correct_flips": 88
  }
}