{
  "accuracy": 0.9228187919463087,
  "macro_f1": 0.8576074938078673,
  "per_class_f1": {
    "dry": 0.9539693128752502,
    "wet": 0.7612456747404844
  },
  "confusion_matrix": [
    [
      715,
      13
    ],
    [
      56,
      110
    ]
  ],
  "confusion_labels": [
    "dry",
    "wet"
  ],
  "n_samples": 894
}