{
  "accuracy": 0.8826151560178306,
  "balanced_accuracy": 0.8760903095415381,
  "macro_f1": 0.87951231119622,
  "per_class_f1": {
    "L2R": 0.8601769911504424,
    "R2L": 0.8988476312419974
  },
  "per_class_precision": {
    "L2R": 0.9759036144578314,
    "R2L": 0.8278301886792453
  },
  "per_class_recall": {
    "L2R": 0.7689873417721519,
    "R2L": 0.9831932773109243
  },
  "confusion_matrix": [
    [
      486,
      146
    ],
    [
      12,
      702
    ]
  ],
  "confusion_labels": [
    "L2R",
    "R2L"
  ],
  "n_samples": 1346,
  "flip_agreement": 0.3900445765230312,
  "flip_consistency": 0.49554234769687966
}